Name,Team,Pos,Age,HR,BB/K,xwOBA,wRC+,Spd,WAR,DRS,OAA
Alec Bohm,PHI,3B,25,13,0.28,0.333,98,3.4,1.5,-17,-9
Alex Bregman,HOU,3B,28,23,1.13,0.35,136,2,5.5,-4,5
Austin Riley,ATL,3B,25,38,0.34,0.378,142,3,5.5,6,-6
Bobby Witt Jr.,KCR,3B,22,20,0.22,0.313,99,7.2,2.3,-4,-3
Brandon Drury,- - -,3B,29,28,0.3,0.316,123,3.5,3,-4,0
Brian Anderson,MIA,3B,29,8,0.37,0.309,90,3.3,0.5,-4,-2
DJ LeMahieu,NYY,3B,33,12,0.94,0.344,116,2.8,3,7,4
Eduardo Escobar,NYM,3B,33,20,0.31,0.314,106,3.1,2.3,-11,-7
Emmanuel Rivera,- - -,3B,26,12,0.28,0.31,95,4,1,6,3
Eugenio Suarez,SEA,3B,30,31,0.37,0.339,131,2.2,4.1,-2,-1
Gio Urshela,MIN,3B,30,13,0.43,0.323,119,3,2.4,4,-5
Isaac Paredes,TBR,3B,23,20,0.66,0.297,116,1.7,2.4,5,2
Jace Peterson,MIL,3B,32,8,0.39,0.303,96,6.6,2.2,11,7
Jeimer Candelario,DET,3B,28,13,0.26,0.292,80,2.8,-0.1,-1,-6
Jose Ramirez,CLE,3B,29,29,0.84,0.32,139,5.3,6.2,2,1
Josh Donaldson,NYY,3B,36,15,0.36,0.299,97,2.2,1.6,7,7
Josh Rojas,ARI,3B,28,9,0.56,0.308,108,5.6,2.7,-1,-6
Justin Turner,LAD,3B,37,13,0.56,0.339,123,2.8,2.4,1,-2
Ke'Bryan Hayes,PIT,3B,25,7,0.39,0.303,88,5.3,3,24,18
Luis Urias,MIL,3B,25,16,0.51,0.326,110,2.3,2.3,2,-1
Maikel Franco,WSN,3B,29,9,0.16,0.272,64,2,-0.8,-10,-4
Manny Machado,SDP,3B,29,32,0.47,0.338,152,4.3,7.4,-3,8
Matt Chapman,TOR,3B,29,27,0.4,0.341,117,2.9,4.1,2,1
Max Muncy,LAD,3B,31,21,0.64,0.339,106,3,2.4,7,-2
Nolan Arenado,STL,3B,31,30,0.72,0.339,151,2.6,7.3,19,15
Patrick Wisdom,CHC,3B,30,25,0.29,0.295,104,3.7,1.1,-6,-11
Rafael Devers,BOS,3B,25,27,0.44,0.361,141,3.1,4.9,-6,-2
Ramon Urias,BAL,3B,28,16,0.31,0.32,104,2.7,2.6,14,7
Ryan McMahon,COL,3B,27,20,0.38,0.33,95,4.2,3.1,10,10
Yandy Diaz,TBR,3B,30,9,1.3,0.365,146,2.2,3.8,-14,-8
Yoan Moncada,CHW,3B,27,12,0.28,0.289,76,3.1,0.9,2,4